LocationID,Zone,Borough,service_zone,is_airport_zone,cluster_status,cluster_id,cluster_name,typology_version
1,Newark Airport,EWR,EWR,True,airport_special,7,Airport special zone,0426_kmeans6_airport_special
2,Jamaica Bay,Queens,Boro Zone,False,clustered,1,Recreation / open-space zone,0426_kmeans6_airport_special
3,Allerton/Pelham Gardens,Bronx,Boro Zone,False,clustered,5,Outer-borough residential zone,0426_kmeans6_airport_special
4,Alphabet City,Manhattan,Yellow Zone,False,clustered,2,Dense mixed-use neighborhood,0426_kmeans6_airport_special
5,Arden Heights,Staten Island,Boro Zone,False,clustered,5,Outer-borough residential zone,0426_kmeans6_airport_special
6,Arrochar/Fort Wadsworth,Staten Island,Boro Zone,False,clustered,5,Outer-borough residential zone,0426_kmeans6_airport_special
7,Astoria,Queens,Boro Zone,False,clustered,5,Outer-borough residential zone,0426_kmeans6_airport_special
8,Astoria Park,Queens,Boro Zone,False,clustered,1,Recreation / open-space zone,0426_kmeans6_airport_special
9,Auburndale,Queens,Boro Zone,False,clustered,5,Outer-borough residential zone,0426_kmeans6_airport_special
10,Baisley Park,Queens,Boro Zone,False,clustered,5,Outer-borough residential zone,0426_kmeans6_airport_special
11,Bath Beach,Brooklyn,Boro Zone,False,clustered,5,Outer-borough residential zone,0426_kmeans6_airport_special
12,Battery Park,Manhattan,Yellow Zone,False,clustered,1,Recreation / open-space zone,0426_kmeans6_airport_special
13,Battery Park City,Manhattan,Yellow Zone,False,clustered,2,Dense mixed-use neighborhood,0426_kmeans6_airport_special
14,Bay Ridge,Brooklyn,Boro Zone,False,clustered,5,Outer-borough residential zone,0426_kmeans6_airport_special
15,Bay Terrace/Fort Totten,Queens,Boro Zone,False,clustered,5,Outer-borough residential zone,0426_kmeans6_airport_special
16,Bayside,Queens,Boro Zone,False,clustered,5,Outer-borough residential zone,0426_kmeans6_airport_special
17,Bedford,Brooklyn,Boro Zone,False,clustered,3,Housing-pressure residential zone,0426_kmeans6_airport_special
18,Bedford Park,Bronx,Boro Zone,False,clustered,3,Housing-pressure residential zone,0426_kmeans6_airport_special
19,Bellerose,Queens,Boro Zone,False,clustered,5,Outer-borough residential zone,0426_kmeans6_airport_special
20,Belmont,Bronx,Boro Zone,False,clustered,3,Housing-pressure residential zone,0426_kmeans6_airport_special
21,Bensonhurst East,Brooklyn,Boro Zone,False,clustered,5,Outer-borough residential zone,0426_kmeans6_airport_special
22,Bensonhurst West,Brooklyn,Boro Zone,False,clustered,5,Outer-borough residential zone,0426_kmeans6_airport_special
23,Bloomfield/Emerson Hill,Staten Island,Boro Zone,False,clustered,5,Outer-borough residential zone,0426_kmeans6_airport_special
24,Bloomingdale,Manhattan,Yellow Zone,False,clustered,2,Dense mixed-use neighborhood,0426_kmeans6_airport_special
25,Boerum Hill,Brooklyn,Boro Zone,False,clustered,2,Dense mixed-use neighborhood,0426_kmeans6_airport_special
26,Borough Park,Brooklyn,Boro Zone,False,clustered,3,Housing-pressure residential zone,0426_kmeans6_airport_special
27,Breezy Point/Fort Tilden/Riis Beach,Queens,Boro Zone,False,clustered,1,Recreation / open-space zone,0426_kmeans6_airport_special
28,Briarwood/Jamaica Hills,Queens,Boro Zone,False,clustered,5,Outer-borough residential zone,0426_kmeans6_airport_special
29,Brighton Beach,Brooklyn,Boro Zone,False,clustered,3,Housing-pressure residential zone,0426_kmeans6_airport_special
30,Broad Channel,Queens,Boro Zone,False,clustered,5,Outer-borough residential zone,0426_kmeans6_airport_special
31,Bronx Park,Bronx,Boro Zone,False,clustered,1,Recreation / open-space zone,0426_kmeans6_airport_special
32,Bronxdale,Bronx,Boro Zone,False,clustered,3,Housing-pressure residential zone,0426_kmeans6_airport_special
33,Brooklyn Heights,Brooklyn,Boro Zone,False,clustered,2,Dense mixed-use neighborhood,0426_kmeans6_airport_special
34,Brooklyn Navy Yard,Brooklyn,Boro Zone,False,clustered,2,Dense mixed-use neighborhood,0426_kmeans6_airport_special
35,Brownsville,Brooklyn,Boro Zone,False,clustered,3,Housing-pressure residential zone,0426_kmeans6_airport_special
36,Bushwick North,Brooklyn,Boro Zone,False,clustered,3,Housing-pressure residential zone,0426_kmeans6_airport_special
37,Bushwick South,Brooklyn,Boro Zone,False,clustered,3,Housing-pressure residential zone,0426_kmeans6_airport_special
38,Cambria Heights,Queens,Boro Zone,False,clustered,5,Outer-borough residential zone,0426_kmeans6_airport_special
39,Canarsie,Brooklyn,Boro Zone,False,clustered,5,Outer-borough residential zone,0426_kmeans6_airport_special
40,Carroll Gardens,Brooklyn,Boro Zone,False,clustered,2,Dense mixed-use neighborhood,0426_kmeans6_airport_special
41,Central Harlem,Manhattan,Boro Zone,False,clustered,2,Dense mixed-use neighborhood,0426_kmeans6_airport_special
42,Central Harlem North,Manhattan,Boro Zone,False,clustered,3,Housing-pressure residential zone,0426_kmeans6_airport_special
43,Central Park,Manhattan,Yellow Zone,False,clustered,2,Dense mixed-use neighborhood,0426_kmeans6_airport_special
44,Charleston/Tottenville,Staten Island,Boro Zone,False,clustered,5,Outer-borough residential zone,0426_kmeans6_airport_special
45,Chinatown,Manhattan,Yellow Zone,False,clustered,2,Dense mixed-use neighborhood,0426_kmeans6_airport_special
46,City Island,Bronx,Boro Zone,False,clustered,5,Outer-borough residential zone,0426_kmeans6_airport_special
47,Claremont/Bathgate,Bronx,Boro Zone,False,clustered,3,Housing-pressure residential zone,0426_kmeans6_airport_special
48,Clinton East,Manhattan,Yellow Zone,False,clustered,2,Dense mixed-use neighborhood,0426_kmeans6_airport_special
49,Clinton Hill,Brooklyn,Boro Zone,False,clustered,2,Dense mixed-use neighborhood,0426_kmeans6_airport_special
50,Clinton West,Manhattan,Yellow Zone,False,clustered,2,Dense mixed-use neighborhood,0426_kmeans6_airport_special
51,Co-Op City,Bronx,Boro Zone,False,clustered,5,Outer-borough residential zone,0426_kmeans6_airport_special
52,Cobble Hill,Brooklyn,Boro Zone,False,clustered,2,Dense mixed-use neighborhood,0426_kmeans6_airport_special
53,College Point,Queens,Boro Zone,False,clustered,5,Outer-borough residential zone,0426_kmeans6_airport_special
54,Columbia Street,Brooklyn,Boro Zone,False,clustered,2,Dense mixed-use neighborhood,0426_kmeans6_airport_special
55,Coney Island,Brooklyn,Boro Zone,False,clustered,3,Housing-pressure residential zone,0426_kmeans6_airport_special
56,Corona,Queens,Boro Zone,False,clustered,5,Outer-borough residential zone,0426_kmeans6_airport_special
58,Country Club,Bronx,Boro Zone,False,clustered,5,Outer-borough residential zone,0426_kmeans6_airport_special
59,Crotona Park,Bronx,Boro Zone,False,clustered,1,Recreation / open-space zone,0426_kmeans6_airport_special
60,Crotona Park East,Bronx,Boro Zone,False,clustered,3,Housing-pressure residential zone,0426_kmeans6_airport_special
61,Crown Heights North,Brooklyn,Boro Zone,False,clustered,3,Housing-pressure residential zone,0426_kmeans6_airport_special
62,Crown Heights South,Brooklyn,Boro Zone,False,clustered,3,Housing-pressure residential zone,0426_kmeans6_airport_special
63,Cypress Hills,Brooklyn,Boro Zone,False,clustered,5,Outer-borough residential zone,0426_kmeans6_airport_special
64,Douglaston,Queens,Boro Zone,False,clustered,5,Outer-borough residential zone,0426_kmeans6_airport_special
65,Downtown Brooklyn/MetroTech,Brooklyn,Boro Zone,False,clustered,4,CBD-accessible business core,0426_kmeans6_airport_special
66,DUMBO/Vinegar Hill,Brooklyn,Boro Zone,False,clustered,2,Dense mixed-use neighborhood,0426_kmeans6_airport_special
67,Dyker Heights,Brooklyn,Boro Zone,False,clustered,5,Outer-borough residential zone,0426_kmeans6_airport_special
68,East Chelsea,Manhattan,Yellow Zone,False,clustered,2,Dense mixed-use neighborhood,0426_kmeans6_airport_special
69,East Concourse/Concourse Village,Bronx,Boro Zone,False,clustered,3,Housing-pressure residential zone,0426_kmeans6_airport_special
70,East Elmhurst,Queens,Boro Zone,False,clustered,5,Outer-borough residential zone,0426_kmeans6_airport_special
71,East Flatbush/Farragut,Brooklyn,Boro Zone,False,clustered,5,Outer-borough residential zone,0426_kmeans6_airport_special
72,East Flatbush/Remsen Village,Brooklyn,Boro Zone,False,clustered,5,Outer-borough residential zone,0426_kmeans6_airport_special
73,East Flushing,Queens,Boro Zone,False,clustered,5,Outer-borough residential zone,0426_kmeans6_airport_special
74,East Harlem North,Manhattan,Boro Zone,False,clustered,3,Housing-pressure residential zone,0426_kmeans6_airport_special
75,East Harlem South,Manhattan,Boro Zone,False,clustered,3,Housing-pressure residential zone,0426_kmeans6_airport_special
76,East New York,Brooklyn,Boro Zone,False,clustered,3,Housing-pressure residential zone,0426_kmeans6_airport_special
77,East New York/Pennsylvania Avenue,Brooklyn,Boro Zone,False,clustered,3,Housing-pressure residential zone,0426_kmeans6_airport_special
78,East Tremont,Bronx,Boro Zone,False,clustered,3,Housing-pressure residential zone,0426_kmeans6_airport_special
79,East Village,Manhattan,Yellow Zone,False,clustered,2,Dense mixed-use neighborhood,0426_kmeans6_airport_special
80,East Williamsburg,Brooklyn,Boro Zone,False,clustered,6,Industrial / logistics zone,0426_kmeans6_airport_special
81,Eastchester,Bronx,Boro Zone,False,clustered,5,Outer-borough residential zone,0426_kmeans6_airport_special
82,Elmhurst,Queens,Boro Zone,False,clustered,5,Outer-borough residential zone,0426_kmeans6_airport_special
83,Elmhurst/Maspeth,Queens,Boro Zone,False,clustered,5,Outer-borough residential zone,0426_kmeans6_airport_special
84,Eltingville/Annadale/Prince's Bay,Staten Island,Boro Zone,False,clustered,5,Outer-borough residential zone,0426_kmeans6_airport_special
85,Erasmus,Brooklyn,Boro Zone,False,clustered,5,Outer-borough residential zone,0426_kmeans6_airport_special
86,Far Rockaway,Queens,Boro Zone,False,clustered,5,Outer-borough residential zone,0426_kmeans6_airport_special
87,Financial District North,Manhattan,Yellow Zone,False,clustered,4,CBD-accessible business core,0426_kmeans6_airport_special
88,Financial District South,Manhattan,Yellow Zone,False,clustered,4,CBD-accessible business core,0426_kmeans6_airport_special
89,Flatbush/Ditmas Park,Brooklyn,Boro Zone,False,clustered,5,Outer-borough residential zone,0426_kmeans6_airport_special
90,Flatiron,Manhattan,Yellow Zone,False,clustered,4,CBD-accessible business core,0426_kmeans6_airport_special
91,Flatlands,Brooklyn,Boro Zone,False,clustered,5,Outer-borough residential zone,0426_kmeans6_airport_special
92,Flushing,Queens,Boro Zone,False,clustered,3,Housing-pressure residential zone,0426_kmeans6_airport_special
93,Flushing Meadows-Corona Park,Queens,Boro Zone,False,clustered,1,Recreation / open-space zone,0426_kmeans6_airport_special
94,Fordham South,Bronx,Boro Zone,False,clustered,3,Housing-pressure residential zone,0426_kmeans6_airport_special
95,Forest Hills,Queens,Boro Zone,False,clustered,5,Outer-borough residential zone,0426_kmeans6_airport_special
96,Forest Park/Highland Park,Queens,Boro Zone,False,clustered,1,Recreation / open-space zone,0426_kmeans6_airport_special
97,Fort Greene,Brooklyn,Boro Zone,False,clustered,2,Dense mixed-use neighborhood,0426_kmeans6_airport_special
98,Fresh Meadows,Queens,Boro Zone,False,clustered,1,Recreation / open-space zone,0426_kmeans6_airport_special
99,Freshkills Park,Staten Island,Boro Zone,False,clustered,1,Recreation / open-space zone,0426_kmeans6_airport_special
100,Garment District,Manhattan,Yellow Zone,False,clustered,4,CBD-accessible business core,0426_kmeans6_airport_special
101,Glen Oaks,Queens,Boro Zone,False,clustered,5,Outer-borough residential zone,0426_kmeans6_airport_special
102,Glendale,Queens,Boro Zone,False,clustered,5,Outer-borough residential zone,0426_kmeans6_airport_special
103,Governor's Island/Ellis Island/Liberty Island,Manhattan,Yellow Zone,False,clustered,2,Dense mixed-use neighborhood,0426_kmeans6_airport_special
106,Gowanus,Brooklyn,Boro Zone,False,clustered,6,Industrial / logistics zone,0426_kmeans6_airport_special
107,Gramercy,Manhattan,Yellow Zone,False,clustered,2,Dense mixed-use neighborhood,0426_kmeans6_airport_special
108,Gravesend,Brooklyn,Boro Zone,False,clustered,5,Outer-borough residential zone,0426_kmeans6_airport_special
109,Great Kills,Staten Island,Boro Zone,False,clustered,5,Outer-borough residential zone,0426_kmeans6_airport_special
110,Great Kills Park,Staten Island,Boro Zone,False,clustered,1,Recreation / open-space zone,0426_kmeans6_airport_special
111,Green-Wood Cemetery,Brooklyn,Boro Zone,False,clustered,5,Outer-borough residential zone,0426_kmeans6_airport_special
112,Greenpoint,Brooklyn,Boro Zone,False,clustered,6,Industrial / logistics zone,0426_kmeans6_airport_special
113,Greenwich Village North,Manhattan,Yellow Zone,False,clustered,4,CBD-accessible business core,0426_kmeans6_airport_special
114,Greenwich Village South,Manhattan,Yellow Zone,False,clustered,2,Dense mixed-use neighborhood,0426_kmeans6_airport_special
115,Grymes Hill/Clifton,Staten Island,Boro Zone,False,clustered,5,Outer-borough residential zone,0426_kmeans6_airport_special
116,Hamilton Heights,Manhattan,Boro Zone,False,clustered,3,Housing-pressure residential zone,0426_kmeans6_airport_special
117,Hammels/Arverne,Queens,Boro Zone,False,clustered,5,Outer-borough residential zone,0426_kmeans6_airport_special
118,Heartland Village/Todt Hill,Staten Island,Boro Zone,False,clustered,5,Outer-borough residential zone,0426_kmeans6_airport_special
119,Highbridge,Bronx,Boro Zone,False,clustered,3,Housing-pressure residential zone,0426_kmeans6_airport_special
120,Highbridge Park,Manhattan,Boro Zone,False,clustered,1,Recreation / open-space zone,0426_kmeans6_airport_special
121,Hillcrest/Pomonok,Queens,Boro Zone,False,clustered,5,Outer-borough residential zone,0426_kmeans6_airport_special
122,Hollis,Queens,Boro Zone,False,clustered,5,Outer-borough residential zone,0426_kmeans6_airport_special
123,Homecrest,Brooklyn,Boro Zone,False,clustered,5,Outer-borough residential zone,0426_kmeans6_airport_special
124,Howard Beach,Queens,Boro Zone,False,clustered,5,Outer-borough residential zone,0426_kmeans6_airport_special
125,Hudson Sq,Manhattan,Yellow Zone,False,clustered,4,CBD-accessible business core,0426_kmeans6_airport_special
126,Hunts Point,Bronx,Boro Zone,False,clustered,6,Industrial / logistics zone,0426_kmeans6_airport_special
127,Inwood,Manhattan,Boro Zone,False,clustered,5,Outer-borough residential zone,0426_kmeans6_airport_special
128,Inwood Hill Park,Manhattan,Boro Zone,False,clustered,1,Recreation / open-space zone,0426_kmeans6_airport_special
129,Jackson Heights,Queens,Boro Zone,False,clustered,5,Outer-borough residential zone,0426_kmeans6_airport_special
130,Jamaica,Queens,Boro Zone,False,clustered,5,Outer-borough residential zone,0426_kmeans6_airport_special
131,Jamaica Estates,Queens,Boro Zone,False,clustered,5,Outer-borough residential zone,0426_kmeans6_airport_special
132,JFK Airport,Queens,Airports,True,airport_special,7,Airport special zone,0426_kmeans6_airport_special
133,Kensington,Brooklyn,Boro Zone,False,clustered,5,Outer-borough residential zone,0426_kmeans6_airport_special
134,Kew Gardens,Queens,Boro Zone,False,clustered,5,Outer-borough residential zone,0426_kmeans6_airport_special
135,Kew Gardens Hills,Queens,Boro Zone,False,clustered,5,Outer-borough residential zone,0426_kmeans6_airport_special
136,Kingsbridge Heights,Bronx,Boro Zone,False,clustered,3,Housing-pressure residential zone,0426_kmeans6_airport_special
137,Kips Bay,Manhattan,Yellow Zone,False,clustered,2,Dense mixed-use neighborhood,0426_kmeans6_airport_special
138,LaGuardia Airport,Queens,Airports,True,airport_special,7,Airport special zone,0426_kmeans6_airport_special
139,Laurelton,Queens,Boro Zone,False,clustered,5,Outer-borough residential zone,0426_kmeans6_airport_special
140,Lenox Hill East,Manhattan,Yellow Zone,False,clustered,2,Dense mixed-use neighborhood,0426_kmeans6_airport_special
141,Lenox Hill West,Manhattan,Yellow Zone,False,clustered,2,Dense mixed-use neighborhood,0426_kmeans6_airport_special
142,Lincoln Square East,Manhattan,Yellow Zone,False,clustered,2,Dense mixed-use neighborhood,0426_kmeans6_airport_special
143,Lincoln Square West,Manhattan,Yellow Zone,False,clustered,2,Dense mixed-use neighborhood,0426_kmeans6_airport_special
144,Little Italy/NoLiTa,Manhattan,Yellow Zone,False,clustered,4,CBD-accessible business core,0426_kmeans6_airport_special
145,Long Island City/Hunters Point,Queens,Boro Zone,False,clustered,6,Industrial / logistics zone,0426_kmeans6_airport_special
146,Long Island City/Queens Plaza,Queens,Boro Zone,False,clustered,6,Industrial / logistics zone,0426_kmeans6_airport_special
147,Longwood,Bronx,Boro Zone,False,clustered,3,Housing-pressure residential zone,0426_kmeans6_airport_special
148,Lower East Side,Manhattan,Yellow Zone,False,clustered,2,Dense mixed-use neighborhood,0426_kmeans6_airport_special
149,Madison,Brooklyn,Boro Zone,False,clustered,5,Outer-borough residential zone,0426_kmeans6_airport_special
150,Manhattan Beach,Brooklyn,Boro Zone,False,clustered,5,Outer-borough residential zone,0426_kmeans6_airport_special
151,Manhattan Valley,Manhattan,Yellow Zone,False,clustered,2,Dense mixed-use neighborhood,0426_kmeans6_airport_special
152,Manhattanville,Manhattan,Boro Zone,False,clustered,3,Housing-pressure residential zone,0426_kmeans6_airport_special
153,Marble Hill,Manhattan,Boro Zone,False,clustered,3,Housing-pressure residential zone,0426_kmeans6_airport_special
154,Marine Park/Floyd Bennett Field,Brooklyn,Boro Zone,False,clustered,1,Recreation / open-space zone,0426_kmeans6_airport_special
155,Marine Park/Mill Basin,Brooklyn,Boro Zone,False,clustered,5,Outer-borough residential zone,0426_kmeans6_airport_special
156,Mariners Harbor,Staten Island,Boro Zone,False,clustered,5,Outer-borough residential zone,0426_kmeans6_airport_special
157,Maspeth,Queens,Boro Zone,False,clustered,5,Outer-borough residential zone,0426_kmeans6_airport_special
158,Meatpacking/West Village West,Manhattan,Yellow Zone,False,clustered,2,Dense mixed-use neighborhood,0426_kmeans6_airport_special
159,Melrose South,Bronx,Boro Zone,False,clustered,3,Housing-pressure residential zone,0426_kmeans6_airport_special
160,Middle Village,Queens,Boro Zone,False,clustered,5,Outer-borough residential zone,0426_kmeans6_airport_special
161,Midtown Center,Manhattan,Yellow Zone,False,clustered,4,CBD-accessible business core,0426_kmeans6_airport_special
162,Midtown East,Manhattan,Yellow Zone,False,clustered,4,CBD-accessible business core,0426_kmeans6_airport_special
163,Midtown North,Manhattan,Yellow Zone,False,clustered,4,CBD-accessible business core,0426_kmeans6_airport_special
164,Midtown South,Manhattan,Yellow Zone,False,clustered,4,CBD-accessible business core,0426_kmeans6_airport_special
165,Midwood,Brooklyn,Boro Zone,False,clustered,5,Outer-borough residential zone,0426_kmeans6_airport_special
166,Morningside Heights,Manhattan,Boro Zone,False,clustered,2,Dense mixed-use neighborhood,0426_kmeans6_airport_special
167,Morrisania/Melrose,Bronx,Boro Zone,False,clustered,3,Housing-pressure residential zone,0426_kmeans6_airport_special
168,Mott Haven/Port Morris,Bronx,Boro Zone,False,clustered,6,Industrial / logistics zone,0426_kmeans6_airport_special
169,Mount Hope,Bronx,Boro Zone,False,clustered,3,Housing-pressure residential zone,0426_kmeans6_airport_special
170,Murray Hill,Manhattan,Yellow Zone,False,clustered,2,Dense mixed-use neighborhood,0426_kmeans6_airport_special
171,Murray Hill-Queens,Queens,Boro Zone,False,clustered,5,Outer-borough residential zone,0426_kmeans6_airport_special
172,New Dorp/Midland Beach,Staten Island,Boro Zone,False,clustered,5,Outer-borough residential zone,0426_kmeans6_airport_special
173,North Corona,Queens,Boro Zone,False,clustered,5,Outer-borough residential zone,0426_kmeans6_airport_special
174,Norwood,Bronx,Boro Zone,False,clustered,3,Housing-pressure residential zone,0426_kmeans6_airport_special
175,Oakland Gardens,Queens,Boro Zone,False,clustered,5,Outer-borough residential zone,0426_kmeans6_airport_special
176,Oakwood,Staten Island,Boro Zone,False,clustered,5,Outer-borough residential zone,0426_kmeans6_airport_special
177,Ocean Hill,Brooklyn,Boro Zone,False,clustered,3,Housing-pressure residential zone,0426_kmeans6_airport_special
178,Ocean Parkway South,Brooklyn,Boro Zone,False,clustered,5,Outer-borough residential zone,0426_kmeans6_airport_special
179,Old Astoria,Queens,Boro Zone,False,clustered,5,Outer-borough residential zone,0426_kmeans6_airport_special
180,Ozone Park,Queens,Boro Zone,False,clustered,5,Outer-borough residential zone,0426_kmeans6_airport_special
181,Park Slope,Brooklyn,Boro Zone,False,clustered,2,Dense mixed-use neighborhood,0426_kmeans6_airport_special
182,Parkchester,Bronx,Boro Zone,False,clustered,3,Housing-pressure residential zone,0426_kmeans6_airport_special
183,Pelham Bay,Bronx,Boro Zone,False,clustered,5,Outer-borough residential zone,0426_kmeans6_airport_special
184,Pelham Bay Park,Bronx,Boro Zone,False,clustered,3,Housing-pressure residential zone,0426_kmeans6_airport_special
185,Pelham Parkway,Bronx,Boro Zone,False,clustered,5,Outer-borough residential zone,0426_kmeans6_airport_special
186,Penn Station/Madison Sq West,Manhattan,Yellow Zone,False,clustered,4,CBD-accessible business core,0426_kmeans6_airport_special
187,Port Richmond,Staten Island,Boro Zone,False,clustered,5,Outer-borough residential zone,0426_kmeans6_airport_special
188,Prospect-Lefferts Gardens,Brooklyn,Boro Zone,False,clustered,5,Outer-borough residential zone,0426_kmeans6_airport_special
189,Prospect Heights,Brooklyn,Boro Zone,False,clustered,2,Dense mixed-use neighborhood,0426_kmeans6_airport_special
190,Prospect Park,Brooklyn,Boro Zone,False,clustered,1,Recreation / open-space zone,0426_kmeans6_airport_special
191,Queens Village,Queens,Boro Zone,False,clustered,5,Outer-borough residential zone,0426_kmeans6_airport_special
192,Queensboro Hill,Queens,Boro Zone,False,clustered,5,Outer-borough residential zone,0426_kmeans6_airport_special
193,Queensbridge/Ravenswood,Queens,Boro Zone,False,clustered,6,Industrial / logistics zone,0426_kmeans6_airport_special
194,Randalls Island,Manhattan,Yellow Zone,False,clustered,3,Housing-pressure residential zone,0426_kmeans6_airport_special
195,Red Hook,Brooklyn,Boro Zone,False,clustered,6,Industrial / logistics zone,0426_kmeans6_airport_special
196,Rego Park,Queens,Boro Zone,False,clustered,5,Outer-borough residential zone,0426_kmeans6_airport_special
197,Richmond Hill,Queens,Boro Zone,False,clustered,5,Outer-borough residential zone,0426_kmeans6_airport_special
198,Ridgewood,Queens,Boro Zone,False,clustered,5,Outer-borough residential zone,0426_kmeans6_airport_special
199,Rikers Island,Bronx,Boro Zone,False,clustered,5,Outer-borough residential zone,0426_kmeans6_airport_special
200,Riverdale/North Riverdale/Fieldston,Bronx,Boro Zone,False,clustered,5,Outer-borough residential zone,0426_kmeans6_airport_special
201,Rockaway Park,Queens,Boro Zone,False,clustered,5,Outer-borough residential zone,0426_kmeans6_airport_special
202,Roosevelt Island,Manhattan,Boro Zone,False,clustered,2,Dense mixed-use neighborhood,0426_kmeans6_airport_special
203,Rosedale,Queens,Boro Zone,False,clustered,5,Outer-borough residential zone,0426_kmeans6_airport_special
204,Rossville/Woodrow,Staten Island,Boro Zone,False,clustered,5,Outer-borough residential zone,0426_kmeans6_airport_special
205,Saint Albans,Queens,Boro Zone,False,clustered,5,Outer-borough residential zone,0426_kmeans6_airport_special
206,Saint George/New Brighton,Staten Island,Boro Zone,False,clustered,5,Outer-borough residential zone,0426_kmeans6_airport_special
207,Saint Michaels Cemetery/Woodside,Queens,Boro Zone,False,clustered,6,Industrial / logistics zone,0426_kmeans6_airport_special
208,Schuylerville/Edgewater Park,Bronx,Boro Zone,False,clustered,5,Outer-borough residential zone,0426_kmeans6_airport_special
209,Seaport,Manhattan,Yellow Zone,False,clustered,4,CBD-accessible business core,0426_kmeans6_airport_special
210,Sheepshead Bay,Brooklyn,Boro Zone,False,clustered,5,Outer-borough residential zone,0426_kmeans6_airport_special
211,SoHo,Manhattan,Yellow Zone,False,clustered,2,Dense mixed-use neighborhood,0426_kmeans6_airport_special
212,Soundview/Bruckner,Bronx,Boro Zone,False,clustered,3,Housing-pressure residential zone,0426_kmeans6_airport_special
213,Soundview/Castle Hill,Bronx,Boro Zone,False,clustered,3,Housing-pressure residential zone,0426_kmeans6_airport_special
214,South Beach/Dongan Hills,Staten Island,Boro Zone,False,clustered,5,Outer-borough residential zone,0426_kmeans6_airport_special
215,South Jamaica,Queens,Boro Zone,False,clustered,5,Outer-borough residential zone,0426_kmeans6_airport_special
216,South Ozone Park,Queens,Boro Zone,False,clustered,5,Outer-borough residential zone,0426_kmeans6_airport_special
217,South Williamsburg,Brooklyn,Boro Zone,False,clustered,3,Housing-pressure residential zone,0426_kmeans6_airport_special
218,Springfield Gardens North,Queens,Boro Zone,False,clustered,5,Outer-borough residential zone,0426_kmeans6_airport_special
219,Springfield Gardens South,Queens,Boro Zone,False,clustered,5,Outer-borough residential zone,0426_kmeans6_airport_special
220,Spuyten Duyvil/Kingsbridge,Bronx,Boro Zone,False,clustered,5,Outer-borough residential zone,0426_kmeans6_airport_special
221,Stapleton,Staten Island,Boro Zone,False,clustered,5,Outer-borough residential zone,0426_kmeans6_airport_special
222,Starrett City,Brooklyn,Boro Zone,False,clustered,3,Housing-pressure residential zone,0426_kmeans6_airport_special
223,Steinway,Queens,Boro Zone,False,clustered,6,Industrial / logistics zone,0426_kmeans6_airport_special
224,Stuy Town/Peter Cooper Village,Manhattan,Yellow Zone,False,clustered,2,Dense mixed-use neighborhood,0426_kmeans6_airport_special
225,Stuyvesant Heights,Brooklyn,Boro Zone,False,clustered,3,Housing-pressure residential zone,0426_kmeans6_airport_special
226,Sunnyside,Queens,Boro Zone,False,clustered,6,Industrial / logistics zone,0426_kmeans6_airport_special
227,Sunset Park East,Brooklyn,Boro Zone,False,clustered,3,Housing-pressure residential zone,0426_kmeans6_airport_special
228,Sunset Park West,Brooklyn,Boro Zone,False,clustered,6,Industrial / logistics zone,0426_kmeans6_airport_special
229,Sutton Place/Turtle Bay North,Manhattan,Yellow Zone,False,clustered,2,Dense mixed-use neighborhood,0426_kmeans6_airport_special
230,Times Sq/Theatre District,Manhattan,Yellow Zone,False,clustered,4,CBD-accessible business core,0426_kmeans6_airport_special
231,TriBeCa/Civic Center,Manhattan,Yellow Zone,False,clustered,4,CBD-accessible business core,0426_kmeans6_airport_special
232,Two Bridges/Seward Park,Manhattan,Yellow Zone,False,clustered,2,Dense mixed-use neighborhood,0426_kmeans6_airport_special
233,UN/Turtle Bay South,Manhattan,Yellow Zone,False,clustered,2,Dense mixed-use neighborhood,0426_kmeans6_airport_special
234,Union Sq,Manhattan,Yellow Zone,False,clustered,4,CBD-accessible business core,0426_kmeans6_airport_special
235,University Heights/Morris Heights,Bronx,Boro Zone,False,clustered,3,Housing-pressure residential zone,0426_kmeans6_airport_special
236,Upper East Side North,Manhattan,Yellow Zone,False,clustered,2,Dense mixed-use neighborhood,0426_kmeans6_airport_special
237,Upper East Side South,Manhattan,Yellow Zone,False,clustered,2,Dense mixed-use neighborhood,0426_kmeans6_airport_special
238,Upper West Side North,Manhattan,Yellow Zone,False,clustered,2,Dense mixed-use neighborhood,0426_kmeans6_airport_special
239,Upper West Side South,Manhattan,Yellow Zone,False,clustered,2,Dense mixed-use neighborhood,0426_kmeans6_airport_special
240,Van Cortlandt Park,Bronx,Boro Zone,False,clustered,1,Recreation / open-space zone,0426_kmeans6_airport_special
241,Van Cortlandt Village,Bronx,Boro Zone,False,clustered,3,Housing-pressure residential zone,0426_kmeans6_airport_special
242,Van Nest/Morris Park,Bronx,Boro Zone,False,clustered,3,Housing-pressure residential zone,0426_kmeans6_airport_special
243,Washington Heights North,Manhattan,Boro Zone,False,clustered,5,Outer-borough residential zone,0426_kmeans6_airport_special
244,Washington Heights South,Manhattan,Boro Zone,False,clustered,3,Housing-pressure residential zone,0426_kmeans6_airport_special
245,West Brighton,Staten Island,Boro Zone,False,clustered,5,Outer-borough residential zone,0426_kmeans6_airport_special
246,West Chelsea/Hudson Yards,Manhattan,Yellow Zone,False,clustered,2,Dense mixed-use neighborhood,0426_kmeans6_airport_special
247,West Concourse,Bronx,Boro Zone,False,clustered,3,Housing-pressure residential zone,0426_kmeans6_airport_special
248,West Farms/Bronx River,Bronx,Boro Zone,False,clustered,3,Housing-pressure residential zone,0426_kmeans6_airport_special
249,West Village,Manhattan,Yellow Zone,False,clustered,2,Dense mixed-use neighborhood,0426_kmeans6_airport_special
250,Westchester Village/Unionport,Bronx,Boro Zone,False,clustered,3,Housing-pressure residential zone,0426_kmeans6_airport_special
251,Westerleigh,Staten Island,Boro Zone,False,clustered,5,Outer-borough residential zone,0426_kmeans6_airport_special
252,Whitestone,Queens,Boro Zone,False,clustered,5,Outer-borough residential zone,0426_kmeans6_airport_special
253,Willets Point,Queens,Boro Zone,False,clustered,6,Industrial / logistics zone,0426_kmeans6_airport_special
254,Williamsbridge/Olinville,Bronx,Boro Zone,False,clustered,3,Housing-pressure residential zone,0426_kmeans6_airport_special
255,Williamsburg (North Side),Brooklyn,Boro Zone,False,clustered,2,Dense mixed-use neighborhood,0426_kmeans6_airport_special
256,Williamsburg (South Side),Brooklyn,Boro Zone,False,clustered,2,Dense mixed-use neighborhood,0426_kmeans6_airport_special
257,Windsor Terrace,Brooklyn,Boro Zone,False,clustered,5,Outer-borough residential zone,0426_kmeans6_airport_special
258,Woodhaven,Queens,Boro Zone,False,clustered,5,Outer-borough residential zone,0426_kmeans6_airport_special
259,Woodlawn/Wakefield,Bronx,Boro Zone,False,clustered,5,Outer-borough residential zone,0426_kmeans6_airport_special
260,Woodside,Queens,Boro Zone,False,clustered,6,Industrial / logistics zone,0426_kmeans6_airport_special
261,World Trade Center,Manhattan,Yellow Zone,False,clustered,4,CBD-accessible business core,0426_kmeans6_airport_special
262,Yorkville East,Manhattan,Yellow Zone,False,clustered,2,Dense mixed-use neighborhood,0426_kmeans6_airport_special
263,Yorkville West,Manhattan,Yellow Zone,False,clustered,2,Dense mixed-use neighborhood,0426_kmeans6_airport_special
